               epoch,      train/box_loss,      train/obj_loss,      train/cls_loss,   metrics/precision,      metrics/recall,     metrics/mAP_0.5,metrics/mAP_0.5:0.95,        val/box_loss,        val/obj_loss,        val/cls_loss,               x/lr0,               x/lr1,               x/lr2
                   0,             0.11022,            0.015229,            0.062271,          2.9516e-05,            0.023176,          1.6998e-05,          4.0281e-06,             0.10741,            0.011827,            0.062932,           0.0032353,           0.0032353,            0.070882
                   1,            0.098913,            0.016908,            0.056332,          4.1802e-05,            0.024657,          2.2846e-05,          4.0884e-06,             0.10407,            0.012138,             0.06286,            0.006547,            0.006547,            0.040861
                   2,            0.084987,            0.017981,            0.052681,             0.92815,            0.023929,            0.022596,           0.0071406,             0.08345,            0.014422,            0.054852,           0.0098366,           0.0098366,            0.010817
                   3,            0.073759,             0.01775,             0.04759,             0.30803,             0.18912,            0.067702,             0.02357,            0.078836,            0.016365,            0.046454,            0.009901,            0.009901,            0.009901
                   4,            0.064692,            0.016879,            0.041689,             0.19875,             0.20957,             0.11115,            0.037678,            0.070473,            0.015255,            0.043113,            0.009901,            0.009901,            0.009901
                   5,            0.059868,            0.015704,            0.035193,             0.32415,             0.38658,             0.25483,             0.12279,             0.05896,            0.011144,            0.035087,            0.009868,            0.009868,            0.009868
                   6,            0.056061,            0.014503,            0.032603,             0.23226,             0.40411,             0.19669,             0.07648,            0.068823,            0.015827,            0.033276,            0.009835,            0.009835,            0.009835
                   7,            0.054266,            0.013785,            0.029635,             0.21492,             0.52288,             0.28887,             0.11977,            0.057694,            0.011654,            0.029725,            0.009802,            0.009802,            0.009802
                   8,            0.050896,            0.013238,            0.027377,             0.24583,             0.49465,             0.35587,             0.19058,            0.045629,            0.010448,            0.027996,            0.009769,            0.009769,            0.009769
                   9,            0.048203,            0.012555,            0.025565,             0.81163,             0.39357,             0.46649,             0.24812,            0.043442,           0.0087089,            0.024732,            0.009736,            0.009736,            0.009736
                  10,            0.046214,            0.012265,            0.023946,             0.33686,             0.58732,             0.46942,             0.20681,            0.047365,           0.0081374,            0.023229,            0.009703,            0.009703,            0.009703
                  11,            0.044941,            0.011884,             0.02426,             0.37074,             0.54981,             0.48491,             0.26093,             0.04241,           0.0078233,            0.023068,             0.00967,             0.00967,             0.00967
                  12,            0.042373,            0.011408,            0.022651,             0.46777,             0.60309,              0.5102,             0.25466,            0.041345,           0.0076264,            0.022539,            0.009637,            0.009637,            0.009637
                  13,            0.041893,            0.011148,            0.022373,             0.55305,             0.54716,             0.53446,             0.24611,               0.047,           0.0079777,            0.022352,            0.009604,            0.009604,            0.009604
                  14,            0.040524,            0.011164,            0.020864,             0.49695,             0.61161,             0.59019,             0.33559,            0.034029,           0.0077803,            0.020213,            0.009571,            0.009571,            0.009571
                  15,            0.039974,            0.010827,            0.020592,             0.53647,             0.60151,              0.5685,             0.27264,             0.03964,           0.0074278,            0.020575,            0.009538,            0.009538,            0.009538
                  16,            0.038982,            0.010674,            0.020558,             0.55616,             0.59366,              0.6016,             0.31985,            0.036612,           0.0068128,            0.020066,            0.009505,            0.009505,            0.009505
                  17,            0.038251,            0.010294,            0.018876,             0.64367,             0.63084,             0.68186,             0.43186,            0.032277,            0.006429,            0.018476,            0.009472,            0.009472,            0.009472
                  18,            0.037941,            0.010021,            0.018523,             0.65327,              0.6227,             0.67254,             0.37707,            0.035046,           0.0064911,             0.01788,            0.009439,            0.009439,            0.009439
                  19,            0.037293,           0.0097399,            0.017441,             0.70758,             0.66945,             0.70863,             0.37321,            0.034315,            0.006742,            0.016881,            0.009406,            0.009406,            0.009406
                  20,              0.0371,            0.010111,            0.017214,             0.70611,             0.65907,             0.71274,             0.43758,            0.029396,           0.0061674,             0.01644,            0.009373,            0.009373,            0.009373
                  21,            0.036242,           0.0097778,            0.016997,             0.74994,             0.67692,             0.73425,             0.44628,            0.031153,           0.0060299,            0.015596,             0.00934,             0.00934,             0.00934
                  22,            0.035941,           0.0097192,            0.016691,             0.70211,             0.64206,             0.70431,             0.38225,            0.034744,           0.0062749,            0.016142,            0.009307,            0.009307,            0.009307
                  23,            0.035896,            0.009494,            0.016272,             0.76477,             0.71873,             0.78064,             0.48952,              0.0281,            0.005752,            0.015091,            0.009274,            0.009274,            0.009274
                  24,            0.034671,            0.009596,            0.015074,             0.76886,             0.72469,             0.76687,             0.46095,            0.029486,           0.0061152,            0.013927,            0.009241,            0.009241,            0.009241
                  25,            0.034965,           0.0093929,            0.014961,             0.80709,             0.72093,             0.78844,             0.50568,             0.02765,           0.0056381,            0.013043,            0.009208,            0.009208,            0.009208
                  26,            0.033894,           0.0093657,            0.014619,             0.78349,              0.7437,             0.79275,              0.5015,            0.027513,           0.0057512,            0.012694,            0.009175,            0.009175,            0.009175
                  27,            0.033287,           0.0092493,            0.014242,             0.79821,             0.72637,             0.78833,             0.50496,            0.026538,           0.0055722,            0.012494,            0.009142,            0.009142,            0.009142
                  28,            0.032806,           0.0090083,            0.013155,             0.80335,             0.69082,             0.78577,             0.52362,            0.026914,           0.0054859,            0.013201,            0.009109,            0.009109,            0.009109
                  29,             0.03315,           0.0090009,            0.012684,             0.85438,             0.75337,             0.83823,             0.48333,            0.028823,            0.005366,             0.01039,            0.009076,            0.009076,            0.009076
                  30,            0.033361,            0.008872,             0.01315,             0.81036,             0.73287,             0.82046,             0.48588,            0.028865,           0.0055263,            0.011407,            0.009043,            0.009043,            0.009043
                  31,            0.032898,           0.0090176,            0.011898,             0.86352,             0.76572,             0.83976,             0.52697,            0.026579,           0.0053819,           0.0096301,             0.00901,             0.00901,             0.00901
                  32,            0.032304,           0.0089695,            0.012445,             0.88308,             0.74762,             0.85394,             0.53253,            0.027664,           0.0056231,            0.010076,            0.008977,            0.008977,            0.008977
                  33,            0.031905,           0.0088952,            0.011261,             0.88268,             0.76141,             0.85536,             0.50068,            0.027301,            0.005587,           0.0092599,            0.008944,            0.008944,            0.008944
                  34,             0.03245,           0.0086026,            0.011635,             0.89791,             0.77573,             0.86325,             0.56545,            0.025133,           0.0053547,           0.0086232,            0.008911,            0.008911,            0.008911
                  35,            0.031259,           0.0085332,            0.011269,             0.86989,              0.8063,             0.88001,             0.59583,            0.023661,           0.0052396,           0.0078639,            0.008878,            0.008878,            0.008878
                  36,            0.030626,           0.0086528,            0.010465,             0.86448,             0.73986,             0.84421,             0.58358,            0.025945,           0.0055967,           0.0086511,            0.008845,            0.008845,            0.008845
                  37,            0.030475,           0.0083874,            0.010316,             0.90463,             0.78212,             0.86406,             0.57999,            0.024353,           0.0049614,           0.0076467,            0.008812,            0.008812,            0.008812
                  38,            0.030832,           0.0087083,           0.0099591,             0.89885,             0.83007,             0.90452,             0.59872,            0.024724,           0.0049922,           0.0068061,            0.008779,            0.008779,            0.008779
                  39,            0.030238,           0.0084933,           0.0099905,             0.90491,             0.82078,              0.9033,             0.56927,            0.025573,           0.0050549,            0.006259,            0.008746,            0.008746,            0.008746
                  40,            0.030703,           0.0084452,           0.0098589,             0.90625,             0.81398,             0.90248,             0.55835,            0.025687,           0.0050604,           0.0060747,            0.008713,            0.008713,            0.008713
                  41,            0.029965,           0.0087811,            0.008965,             0.89959,             0.81742,             0.90893,             0.62145,            0.023118,           0.0049564,           0.0060605,             0.00868,             0.00868,             0.00868
                  42,            0.029316,           0.0084599,             0.00848,             0.92005,             0.83248,             0.91229,             0.61167,            0.023236,           0.0048458,           0.0052249,            0.008647,            0.008647,            0.008647
                  43,            0.029481,           0.0082971,           0.0089392,             0.90962,             0.81723,             0.90068,             0.54763,            0.026029,           0.0051735,           0.0059472,            0.008614,            0.008614,            0.008614
                  44,            0.029507,           0.0082911,           0.0084201,             0.91213,             0.84041,             0.91966,             0.63693,             0.02205,           0.0045793,            0.004618,            0.008581,            0.008581,            0.008581
                  45,            0.029724,           0.0083339,           0.0082936,             0.91593,             0.84274,             0.92486,             0.61916,            0.022683,           0.0048803,           0.0049787,            0.008548,            0.008548,            0.008548
                  46,            0.029647,           0.0082691,           0.0081186,             0.90421,             0.85835,             0.93281,             0.59348,            0.026017,           0.0052752,           0.0045261,            0.008515,            0.008515,            0.008515
                  47,            0.029188,           0.0081918,           0.0078886,             0.88984,             0.85179,             0.92123,             0.62694,            0.023329,           0.0048706,           0.0051361,            0.008482,            0.008482,            0.008482
                  48,            0.029306,           0.0081417,           0.0083676,             0.89152,              0.8707,             0.93109,             0.62334,            0.022899,           0.0047336,           0.0046623,            0.008449,            0.008449,            0.008449
                  49,              0.0288,           0.0079527,           0.0078238,             0.86344,             0.85251,             0.90866,             0.64095,            0.022295,           0.0047089,           0.0060605,            0.008416,            0.008416,            0.008416
                  50,            0.028693,           0.0080501,           0.0075659,             0.88339,             0.84211,             0.91592,             0.63358,            0.022736,           0.0048421,           0.0043799,            0.008383,            0.008383,            0.008383
                  51,            0.028493,           0.0078969,           0.0074082,             0.90594,             0.82331,             0.90438,             0.59039,            0.024263,           0.0050064,           0.0046437,             0.00835,             0.00835,             0.00835
                  52,            0.028505,           0.0078652,           0.0075776,             0.90476,             0.84386,             0.92586,             0.63153,            0.023738,           0.0048994,           0.0043464,            0.008317,            0.008317,            0.008317
                  53,            0.028476,           0.0080845,           0.0072307,             0.91159,             0.85859,              0.9363,             0.63505,            0.023224,           0.0050472,           0.0034394,            0.008284,            0.008284,            0.008284
                  54,            0.027828,           0.0079233,           0.0066354,             0.93809,             0.87384,             0.95511,             0.68353,            0.020932,           0.0046132,           0.0029393,            0.008251,            0.008251,            0.008251
                  55,            0.028095,           0.0079031,           0.0068332,             0.92194,             0.90736,             0.95623,             0.65166,            0.021241,            0.004566,           0.0029387,            0.008218,            0.008218,            0.008218
                  56,            0.027637,           0.0078792,           0.0067173,             0.92939,              0.9009,             0.95253,             0.66306,            0.021889,           0.0045753,           0.0028788,            0.008185,            0.008185,            0.008185
                  57,            0.027618,           0.0077965,           0.0068445,             0.89961,             0.88631,               0.949,             0.68595,            0.021126,           0.0044254,           0.0035066,            0.008152,            0.008152,            0.008152
                  58,            0.027448,           0.0078784,           0.0063494,             0.87464,             0.89709,             0.93815,             0.65374,            0.020958,           0.0046954,           0.0051733,            0.008119,            0.008119,            0.008119
                  59,            0.027557,           0.0078512,           0.0063466,              0.8913,             0.89446,             0.95309,             0.68077,            0.020734,           0.0044536,           0.0035554,            0.008086,            0.008086,            0.008086
                  60,            0.027852,           0.0077981,           0.0064968,             0.90161,             0.89147,             0.95211,             0.67057,            0.021088,           0.0047712,           0.0036931,            0.008053,            0.008053,            0.008053
                  61,            0.027174,           0.0078153,            0.005868,             0.94422,             0.86158,             0.95266,             0.68306,            0.019976,           0.0043886,           0.0030471,             0.00802,             0.00802,             0.00802
                  62,            0.026896,           0.0075568,           0.0062623,             0.92892,             0.93519,             0.96295,             0.69715,            0.020792,           0.0043491,           0.0025366,            0.007987,            0.007987,            0.007987
                  63,            0.027099,           0.0075512,           0.0059993,             0.91679,             0.93014,             0.96258,             0.68798,            0.020532,            0.004344,           0.0024068,            0.007954,            0.007954,            0.007954
                  64,            0.027106,           0.0075244,            0.005851,             0.88041,             0.89091,             0.93019,             0.64709,            0.021377,           0.0044273,           0.0052143,            0.007921,            0.007921,            0.007921
                  65,            0.026396,           0.0077877,           0.0067051,             0.93487,             0.89196,             0.95983,             0.69152,            0.019852,           0.0042891,           0.0023453,            0.007888,            0.007888,            0.007888
                  66,            0.026886,           0.0075179,           0.0057218,             0.94722,             0.87732,             0.95581,             0.70141,            0.019841,           0.0042584,           0.0020868,            0.007855,            0.007855,            0.007855
                  67,            0.026826,           0.0076132,            0.005927,             0.92707,             0.90468,             0.96195,             0.70937,            0.018912,           0.0041279,           0.0023301,            0.007822,            0.007822,            0.007822
                  68,            0.026308,           0.0075517,           0.0060211,             0.92173,             0.91375,             0.95481,             0.69417,            0.019159,           0.0041872,            0.002906,            0.007789,            0.007789,            0.007789
                  69,            0.026294,           0.0074539,           0.0056865,             0.94102,             0.88773,             0.96729,             0.71396,            0.019149,           0.0042388,           0.0021377,            0.007756,            0.007756,            0.007756
                  70,             0.02661,           0.0074501,           0.0058108,             0.90657,             0.93733,             0.96688,             0.70247,            0.019259,           0.0041645,           0.0020704,            0.007723,            0.007723,            0.007723
                  71,            0.026076,           0.0074456,           0.0052943,             0.91192,             0.92814,              0.9665,             0.71002,            0.019118,           0.0040991,           0.0020751,             0.00769,             0.00769,             0.00769
                  72,            0.025717,           0.0072952,           0.0052864,             0.93262,             0.93263,             0.96511,              0.7011,             0.01939,           0.0041553,           0.0020315,            0.007657,            0.007657,            0.007657
                  73,            0.026374,           0.0075152,           0.0049019,             0.94283,             0.91861,             0.96825,             0.70791,            0.019266,           0.0042883,           0.0019864,            0.007624,            0.007624,            0.007624
                  74,            0.025399,           0.0073222,           0.0056831,             0.91427,             0.93956,             0.96614,             0.71932,            0.018702,           0.0041345,           0.0022306,            0.007591,            0.007591,            0.007591
                  75,            0.025604,           0.0073696,           0.0051437,              0.9304,             0.91343,             0.96577,             0.71577,              0.0181,           0.0040953,           0.0021903,            0.007558,            0.007558,            0.007558
                  76,              0.0257,           0.0073827,           0.0052815,             0.93282,             0.94132,             0.97243,             0.71481,            0.018797,           0.0040436,           0.0022013,            0.007525,            0.007525,            0.007525
                  77,            0.025321,           0.0072615,           0.0051502,             0.94781,             0.95012,             0.97581,             0.72681,            0.018472,           0.0039792,           0.0017462,            0.007492,            0.007492,            0.007492
                  78,            0.025739,            0.007301,           0.0055128,             0.93774,             0.94076,             0.97371,             0.72516,            0.018109,            0.003999,           0.0021174,            0.007459,            0.007459,            0.007459
                  79,             0.02531,           0.0072047,           0.0053409,             0.95227,             0.88125,             0.96721,             0.71749,            0.018345,           0.0041025,           0.0021907,            0.007426,            0.007426,            0.007426
                  80,            0.025268,           0.0072694,           0.0049548,             0.90553,             0.93017,             0.97068,             0.71829,            0.018673,           0.0041013,           0.0020526,            0.007393,            0.007393,            0.007393
                  81,             0.02535,           0.0070855,           0.0052644,             0.92533,             0.90465,             0.96205,             0.72865,            0.017653,           0.0040247,           0.0026646,             0.00736,             0.00736,             0.00736
                  82,            0.024861,           0.0071205,           0.0045364,             0.93666,             0.92564,             0.97737,             0.73029,            0.017686,           0.0039377,           0.0017308,            0.007327,            0.007327,            0.007327
                  83,            0.024792,            0.007305,           0.0044165,             0.95391,             0.95651,             0.98173,             0.73817,            0.017254,           0.0038879,             0.00179,            0.007294,            0.007294,            0.007294
                  84,            0.024556,           0.0071872,           0.0050009,               0.949,             0.95823,             0.98059,             0.73968,            0.017207,           0.0038287,           0.0019675,            0.007261,            0.007261,            0.007261
                  85,            0.025027,           0.0070684,           0.0045445,             0.93235,             0.94199,             0.97451,             0.74252,            0.016974,            0.003896,           0.0016452,            0.007228,            0.007228,            0.007228
                  86,            0.024417,           0.0071347,           0.0041683,             0.94312,             0.95392,             0.98101,             0.74714,            0.017332,           0.0038778,           0.0015263,            0.007195,            0.007195,            0.007195
                  87,            0.024747,           0.0071098,           0.0048113,             0.95395,             0.95768,             0.98035,             0.74204,            0.017631,           0.0038829,           0.0016299,            0.007162,            0.007162,            0.007162
                  88,            0.024136,           0.0069887,            0.005113,             0.93503,             0.94736,             0.97539,             0.74422,            0.016922,           0.0037593,           0.0017562,            0.007129,            0.007129,            0.007129
                  89,             0.02459,           0.0070418,           0.0041911,             0.94608,             0.96563,             0.98363,             0.75506,            0.016941,            0.003861,           0.0015329,            0.007096,            0.007096,            0.007096
                  90,            0.024015,           0.0070123,           0.0042778,              0.9284,             0.96028,             0.97844,             0.74286,            0.016869,           0.0038082,           0.0018809,            0.007063,            0.007063,            0.007063
                  91,             0.02432,           0.0070375,           0.0045483,             0.94409,             0.94339,             0.97431,             0.73844,            0.017313,           0.0037985,           0.0016276,             0.00703,             0.00703,             0.00703
                  92,            0.024182,           0.0069112,           0.0041268,             0.94639,              0.9581,             0.97695,             0.74494,            0.016876,           0.0038004,           0.0020974,            0.006997,            0.006997,            0.006997
                  93,            0.023749,           0.0068276,           0.0048392,             0.94629,              0.9596,             0.98018,             0.74713,            0.016533,           0.0037587,             0.00171,            0.006964,            0.006964,            0.006964
                  94,            0.023764,           0.0070613,           0.0045936,             0.94433,             0.96334,              0.9804,             0.75512,            0.016485,           0.0038109,           0.0015649,            0.006931,            0.006931,            0.006931
                  95,            0.024042,           0.0068809,           0.0043714,             0.93921,             0.94803,             0.97708,             0.75539,            0.016533,           0.0037316,           0.0021022,            0.006898,            0.006898,            0.006898
                  96,            0.024014,           0.0066962,           0.0044179,             0.94187,             0.96933,              0.9827,              0.7529,            0.016867,           0.0037702,           0.0017869,            0.006865,            0.006865,            0.006865
                  97,            0.024298,           0.0070647,           0.0044471,             0.94067,             0.96992,             0.98401,                0.75,            0.016595,           0.0037612,           0.0014155,            0.006832,            0.006832,            0.006832
                  98,            0.023727,           0.0067973,           0.0045925,              0.9444,             0.96119,             0.97914,             0.74962,            0.016428,           0.0036928,           0.0016207,            0.006799,            0.006799,            0.006799
                  99,            0.023404,           0.0067235,           0.0039568,             0.95747,             0.96663,             0.98428,             0.76608,            0.015687,           0.0036789,           0.0013032,            0.006766,            0.006766,            0.006766
                 100,             0.02392,           0.0068776,           0.0037969,             0.95071,             0.94862,             0.97804,             0.75075,            0.016341,           0.0036804,           0.0019603,            0.006733,            0.006733,            0.006733
                 101,            0.023154,           0.0067216,           0.0038987,             0.94796,             0.96699,             0.98059,             0.76065,            0.015871,           0.0036405,            0.001787,              0.0067,              0.0067,              0.0067
                 102,            0.023405,           0.0067515,           0.0038991,             0.95686,              0.9751,             0.98695,             0.74769,            0.016583,            0.003662,           0.0014484,            0.006667,            0.006667,            0.006667
                 103,             0.02278,           0.0068139,           0.0041529,             0.95711,             0.96716,             0.98393,             0.75798,            0.016105,            0.003633,           0.0013431,            0.006634,            0.006634,            0.006634
                 104,             0.02346,           0.0067232,           0.0040608,             0.96194,             0.96466,             0.98611,             0.76224,            0.015866,           0.0036145,           0.0017453,            0.006601,            0.006601,            0.006601
                 105,            0.023993,           0.0069336,           0.0042383,             0.95652,             0.96664,             0.98661,             0.77359,            0.015335,           0.0035934,           0.0013255,            0.006568,            0.006568,            0.006568
                 106,            0.023163,           0.0066064,            0.003817,             0.97318,             0.98356,             0.99072,             0.77623,            0.015293,           0.0035134,            0.001209,            0.006535,            0.006535,            0.006535
                 107,            0.022188,           0.0064371,             0.00416,             0.97084,             0.96887,             0.98922,             0.78046,            0.015182,           0.0035545,           0.0012431,            0.006502,            0.006502,            0.006502
                 108,            0.022826,           0.0066081,           0.0041055,             0.96585,             0.97181,             0.98737,             0.77194,            0.015248,            0.003557,           0.0012804,            0.006469,            0.006469,            0.006469
                 109,             0.02283,           0.0067451,           0.0037811,             0.95949,              0.9739,             0.98816,             0.77558,            0.015302,            0.003511,           0.0012852,            0.006436,            0.006436,            0.006436
                 110,            0.022476,           0.0067333,           0.0036562,             0.96718,             0.97677,             0.99017,              0.7739,            0.015267,           0.0034625,           0.0012433,            0.006403,            0.006403,            0.006403
                 111,             0.02294,           0.0066084,           0.0037937,             0.95292,             0.97464,             0.98797,             0.77176,            0.015521,           0.0035459,           0.0012215,             0.00637,             0.00637,             0.00637
                 112,            0.022577,            0.006497,           0.0040598,             0.96704,             0.97056,             0.98779,             0.77954,            0.015025,           0.0034658,           0.0012651,            0.006337,            0.006337,            0.006337
                 113,            0.022701,           0.0064818,           0.0037226,             0.95727,              0.9753,             0.98674,             0.77509,            0.015053,            0.003439,           0.0011964,            0.006304,            0.006304,            0.006304
                 114,            0.021774,           0.0064147,           0.0036813,             0.96364,             0.97333,             0.98843,              0.7852,            0.014684,           0.0034315,           0.0011052,            0.006271,            0.006271,            0.006271
                 115,            0.022576,           0.0066253,           0.0040299,             0.93899,             0.97914,             0.98612,             0.78006,            0.015166,           0.0034549,           0.0012957,            0.006238,            0.006238,            0.006238
                 116,            0.022298,           0.0066238,           0.0034897,             0.95693,             0.97011,             0.98523,             0.77864,            0.015083,           0.0034254,           0.0011969,            0.006205,            0.006205,            0.006205
                 117,            0.022766,           0.0065578,           0.0039844,             0.96876,             0.97536,             0.98767,             0.78814,            0.014862,           0.0034045,           0.0011771,            0.006172,            0.006172,            0.006172
                 118,            0.022459,           0.0064512,           0.0032026,             0.95301,             0.96488,             0.98603,             0.78592,            0.014773,           0.0033991,           0.0012207,            0.006139,            0.006139,            0.006139
                 119,            0.022502,           0.0064998,           0.0041214,             0.95783,             0.97133,             0.98682,             0.77482,            0.015074,           0.0035141,           0.0015162,            0.006106,            0.006106,            0.006106
                 120,            0.022362,           0.0064894,           0.0037001,             0.95426,             0.97734,             0.98953,             0.78889,            0.014446,           0.0033885,           0.0011902,            0.006073,            0.006073,            0.006073
                 121,            0.022315,           0.0064309,           0.0040541,             0.96357,             0.98136,              0.9894,             0.78522,            0.014645,           0.0033603,           0.0011688,             0.00604,             0.00604,             0.00604
                 122,            0.022255,           0.0064645,           0.0035192,             0.95921,             0.97329,              0.9885,             0.78531,            0.014663,           0.0033752,           0.0011971,            0.006007,            0.006007,            0.006007
                 123,            0.022437,           0.0064304,           0.0031062,             0.96399,             0.98099,             0.98797,             0.78222,            0.014849,           0.0034282,           0.0010796,            0.005974,            0.005974,            0.005974
                 124,            0.022507,           0.0065105,           0.0035183,             0.97199,             0.98427,             0.98962,             0.78741,            0.014557,             0.00336,           0.0012097,            0.005941,            0.005941,            0.005941
                 125,            0.022215,           0.0065153,            0.003355,             0.96564,             0.97935,             0.98832,             0.78985,            0.014269,            0.003323,           0.0013469,            0.005908,            0.005908,            0.005908
                 126,            0.022113,           0.0064534,           0.0037196,             0.95847,             0.97471,             0.98895,              0.7926,             0.01454,           0.0033449,            0.001127,            0.005875,            0.005875,            0.005875
                 127,            0.021838,           0.0064466,           0.0031458,             0.96864,             0.98198,             0.99035,             0.79394,            0.014335,           0.0033028,           0.0012609,            0.005842,            0.005842,            0.005842
                 128,            0.021806,           0.0063333,           0.0031593,             0.97513,             0.98057,             0.99016,             0.79207,            0.014395,           0.0032951,           0.0011468,            0.005809,            0.005809,            0.005809
                 129,            0.021347,           0.0062281,            0.003359,             0.96564,             0.98448,              0.9891,             0.79787,             0.01391,           0.0032651,           0.0010297,            0.005776,            0.005776,            0.005776
                 130,            0.021817,           0.0065014,           0.0036222,             0.96841,             0.98307,             0.99227,             0.79724,            0.014448,           0.0033034,           0.0010239,            0.005743,            0.005743,            0.005743
                 131,            0.021715,           0.0064112,           0.0035934,              0.9758,             0.98314,             0.99011,             0.79733,            0.014132,           0.0033102,            0.001134,             0.00571,             0.00571,             0.00571
                 132,            0.021575,           0.0063613,           0.0034507,              0.9752,             0.98171,             0.99048,             0.79351,            0.014176,           0.0032792,           0.0009872,            0.005677,            0.005677,            0.005677
                 133,            0.021471,           0.0062346,           0.0033492,             0.97707,             0.98281,             0.99082,             0.80006,            0.013937,           0.0032279,          0.00099512,            0.005644,            0.005644,            0.005644
                 134,            0.021056,            0.006111,           0.0033781,             0.97225,             0.98526,             0.99009,             0.80773,            0.013772,           0.0032363,           0.0010928,            0.005611,            0.005611,            0.005611
                 135,            0.021269,           0.0061933,           0.0031807,             0.97333,             0.98204,             0.99168,             0.80246,            0.013935,           0.0032218,          0.00097781,            0.005578,            0.005578,            0.005578
                 136,            0.021537,           0.0060586,           0.0028981,             0.97763,             0.98629,             0.99243,             0.80842,            0.013836,           0.0032071,           0.0010091,            0.005545,            0.005545,            0.005545
                 137,            0.021596,           0.0062133,           0.0030705,             0.97726,             0.98246,             0.99069,             0.80813,            0.013676,           0.0032311,          0.00090693,            0.005512,            0.005512,            0.005512
                 138,            0.021664,           0.0063626,            0.003217,              0.9766,             0.98166,             0.99062,             0.80385,             0.01371,           0.0032318,          0.00099292,            0.005479,            0.005479,            0.005479
                 139,            0.021045,           0.0063676,           0.0033602,             0.96689,             0.98102,             0.98917,             0.80071,            0.013887,           0.0032408,          0.00093302,            0.005446,            0.005446,            0.005446
                 140,            0.020871,           0.0062917,            0.003454,             0.96392,             0.98105,             0.98995,             0.80093,            0.013802,           0.0032276,          0.00098521,            0.005413,            0.005413,            0.005413
                 141,            0.020949,           0.0061078,           0.0032977,             0.96795,             0.98214,             0.98974,             0.81189,            0.013465,           0.0031574,          0.00093441,             0.00538,             0.00538,             0.00538
                 142,            0.021318,           0.0061101,           0.0028317,              0.9649,             0.97893,             0.98871,             0.80882,            0.013633,           0.0032486,          0.00090847,            0.005347,            0.005347,            0.005347
                 143,            0.021383,           0.0061318,            0.002954,             0.97005,             0.98068,             0.98955,             0.80926,            0.013493,           0.0031961,          0.00096066,            0.005314,            0.005314,            0.005314
                 144,            0.021081,           0.0062085,           0.0033871,             0.97559,             0.98423,             0.99005,             0.81102,            0.013362,           0.0031872,          0.00084457,            0.005281,            0.005281,            0.005281
                 145,            0.020988,           0.0063628,           0.0033147,             0.97108,             0.98242,              0.9907,             0.80587,            0.013472,           0.0031963,          0.00089855,            0.005248,            0.005248,            0.005248
                 146,            0.021115,           0.0061558,           0.0033224,              0.9725,             0.98222,             0.98883,             0.79979,            0.013694,           0.0032211,            0.001135,            0.005215,            0.005215,            0.005215
                 147,            0.021311,           0.0062407,           0.0031088,             0.97499,             0.98746,             0.99204,             0.80838,            0.013434,           0.0031453,          0.00090183,            0.005182,            0.005182,            0.005182
                 148,            0.021191,           0.0062427,           0.0030255,             0.98473,             0.98079,             0.99222,             0.81301,            0.013282,           0.0031438,          0.00087988,            0.005149,            0.005149,            0.005149
                 149,            0.020831,             0.00613,           0.0034069,             0.97597,             0.97228,             0.99005,             0.79916,            0.014048,           0.0032346,            0.001129,            0.005116,            0.005116,            0.005116
                 150,            0.021097,           0.0061747,             0.00335,             0.97686,             0.98768,             0.99181,             0.81208,            0.013406,           0.0031095,          0.00091615,            0.005083,            0.005083,            0.005083
                 151,            0.020782,           0.0061746,           0.0028684,             0.97692,             0.98416,             0.99094,             0.81234,            0.013306,           0.0031132,          0.00092452,             0.00505,             0.00505,             0.00505
                 152,             0.02094,           0.0061831,           0.0029447,             0.97117,              0.9871,             0.99177,             0.81601,            0.013072,           0.0031243,          0.00083675,            0.005017,            0.005017,            0.005017
                 153,            0.020816,            0.006128,           0.0027603,             0.98106,             0.98808,             0.99121,             0.81822,            0.013022,           0.0030941,          0.00077981,            0.004984,            0.004984,            0.004984
                 154,            0.020257,           0.0060138,           0.0027166,             0.97201,              0.9882,             0.99052,             0.81789,            0.013087,           0.0030823,          0.00085839,            0.004951,            0.004951,            0.004951
                 155,            0.020054,           0.0059194,            0.003106,             0.96906,              0.9889,             0.99117,             0.81762,            0.013095,           0.0030723,          0.00080661,            0.004918,            0.004918,            0.004918
                 156,            0.020749,           0.0060967,           0.0029902,             0.98313,             0.98186,             0.99252,             0.81721,             0.01306,           0.0030713,          0.00083011,            0.004885,            0.004885,            0.004885
                 157,            0.020881,           0.0060382,           0.0029944,             0.97349,               0.989,             0.99111,             0.82181,            0.012892,           0.0030607,          0.00092729,            0.004852,            0.004852,            0.004852
                 158,            0.020495,           0.0061374,           0.0026639,             0.97795,              0.9861,             0.99116,             0.81797,            0.012946,           0.0030657,          0.00086427,            0.004819,            0.004819,            0.004819
                 159,            0.020461,           0.0059235,           0.0029401,             0.98388,             0.98697,             0.99185,             0.82407,            0.012829,           0.0030563,          0.00078763,            0.004786,            0.004786,            0.004786
                 160,            0.020468,             0.00596,           0.0032342,             0.97587,             0.98755,             0.99096,              0.8202,            0.012923,           0.0030489,          0.00089378,            0.004753,            0.004753,            0.004753
                 161,            0.019998,           0.0059472,           0.0030136,             0.97459,             0.98786,             0.99214,              0.8223,             0.01285,           0.0030774,          0.00078156,             0.00472,             0.00472,             0.00472
                 162,            0.020476,           0.0060834,           0.0028692,             0.97711,              0.9873,             0.99247,             0.82239,            0.012807,           0.0030492,          0.00076398,            0.004687,            0.004687,            0.004687
                 163,            0.020492,           0.0060548,           0.0032109,             0.98189,             0.98865,             0.99202,             0.82256,            0.012807,           0.0030413,          0.00076623,            0.004654,            0.004654,            0.004654
                 164,            0.020591,           0.0059563,           0.0026677,             0.98072,             0.98567,             0.99161,             0.81598,            0.012916,           0.0030484,          0.00087376,            0.004621,            0.004621,            0.004621
                 165,             0.02021,           0.0059422,           0.0029247,              0.9771,             0.98853,              0.9914,             0.82332,            0.012728,           0.0030318,          0.00081172,            0.004588,            0.004588,            0.004588
                 166,             0.02032,           0.0059119,           0.0030448,             0.99108,             0.98782,             0.99316,              0.8226,            0.012764,           0.0030126,          0.00077929,            0.004555,            0.004555,            0.004555
                 167,              0.0202,           0.0061499,           0.0027067,             0.97791,             0.98766,             0.99186,              0.8237,            0.012766,           0.0030525,          0.00076062,            0.004522,            0.004522,            0.004522
                 168,            0.019866,           0.0059856,           0.0025534,             0.97978,             0.98823,             0.99177,             0.82623,            0.012602,           0.0030337,          0.00080434,            0.004489,            0.004489,            0.004489
                 169,            0.019379,           0.0058832,           0.0025953,             0.98304,             0.98663,             0.99297,              0.8291,            0.012422,           0.0029821,          0.00069682,            0.004456,            0.004456,            0.004456
                 170,            0.019781,           0.0059815,           0.0027214,             0.98118,             0.98698,             0.99287,             0.82908,            0.012469,           0.0029692,          0.00072078,            0.004423,            0.004423,            0.004423
                 171,            0.019897,           0.0060374,           0.0026162,             0.98362,             0.98984,             0.99343,             0.83133,            0.012402,           0.0029711,          0.00070358,             0.00439,             0.00439,             0.00439
                 172,            0.019903,           0.0059502,           0.0027779,              0.9858,              0.9897,             0.99365,             0.83061,            0.012428,           0.0029634,          0.00067239,            0.004357,            0.004357,            0.004357
                 173,             0.02033,           0.0060123,           0.0033837,             0.97805,             0.98802,             0.99251,             0.82917,            0.012419,           0.0029833,          0.00075873,            0.004324,            0.004324,            0.004324
                 174,            0.019873,           0.0059254,           0.0028489,             0.98591,             0.99235,             0.99326,              0.8325,            0.012269,           0.0029432,          0.00071328,            0.004291,            0.004291,            0.004291
                 175,            0.019567,           0.0058261,           0.0027875,             0.98387,             0.99159,             0.99382,             0.83017,            0.012342,           0.0029571,          0.00074147,            0.004258,            0.004258,            0.004258
                 176,            0.019642,           0.0057897,           0.0028247,             0.98638,             0.99135,             0.99347,             0.82988,            0.012364,           0.0029264,          0.00071403,            0.004225,            0.004225,            0.004225
                 177,            0.019664,            0.005898,           0.0029593,             0.98024,             0.99011,             0.99191,             0.83136,            0.012124,           0.0029479,          0.00068791,            0.004192,            0.004192,            0.004192
                 178,            0.019991,           0.0059195,           0.0027461,             0.98565,             0.98995,             0.99336,             0.83395,             0.01217,           0.0029529,          0.00070639,            0.004159,            0.004159,            0.004159
                 179,            0.019283,           0.0058381,           0.0023196,             0.98116,             0.99127,             0.99313,             0.83544,            0.012111,           0.0029573,          0.00073522,            0.004126,            0.004126,            0.004126
                 180,            0.019288,            0.005788,           0.0027125,             0.98453,             0.99264,              0.9932,             0.83492,            0.012025,           0.0029199,          0.00068936,            0.004093,            0.004093,            0.004093
                 181,            0.019324,           0.0059108,            0.002724,             0.98531,             0.99331,             0.99343,             0.83174,            0.012132,           0.0029086,          0.00068947,             0.00406,             0.00406,             0.00406
                 182,             0.01968,           0.0059392,           0.0024561,             0.98842,             0.99191,             0.99369,             0.83456,            0.012037,             0.00292,          0.00061843,            0.004027,            0.004027,            0.004027
                 183,            0.019684,           0.0057351,           0.0023263,             0.98426,             0.99224,             0.99361,             0.83673,            0.012009,           0.0028975,          0.00061843,            0.003994,            0.003994,            0.003994
                 184,              0.0196,           0.0057436,            0.002646,             0.98795,             0.99158,             0.99381,             0.83799,            0.011929,           0.0028864,          0.00063901,            0.003961,            0.003961,            0.003961
                 185,            0.019297,            0.005856,           0.0024467,             0.97907,             0.99192,             0.99268,             0.83231,            0.012045,           0.0028933,          0.00068454,            0.003928,            0.003928,            0.003928
                 186,            0.019326,           0.0058541,           0.0025269,             0.98761,             0.98903,             0.99293,             0.83505,             0.01201,            0.002894,          0.00061675,            0.003895,            0.003895,            0.003895
                 187,            0.018803,           0.0057623,           0.0024466,              0.9836,             0.99072,             0.99373,             0.83769,            0.011921,           0.0028885,          0.00059767,            0.003862,            0.003862,            0.003862
                 188,            0.019277,           0.0057325,           0.0023813,             0.98381,             0.99218,             0.99336,             0.83673,            0.011966,           0.0028994,          0.00060093,            0.003829,            0.003829,            0.003829
                 189,            0.019291,           0.0058521,           0.0023711,             0.98782,             0.99163,             0.99379,             0.83897,            0.011785,           0.0028653,          0.00064794,            0.003796,            0.003796,            0.003796
                 190,            0.018916,           0.0057456,           0.0025933,             0.98378,             0.99196,             0.99333,             0.84215,            0.011705,           0.0028626,          0.00061412,            0.003763,            0.003763,            0.003763
                 191,            0.019012,            0.005734,           0.0022651,             0.98506,             0.99192,             0.99356,             0.83996,            0.011801,           0.0028642,          0.00062632,             0.00373,             0.00373,             0.00373
                 192,            0.019089,           0.0055907,           0.0023749,             0.98388,             0.99443,             0.99337,             0.84441,            0.011734,           0.0028435,           0.0007023,            0.003697,            0.003697,            0.003697
                 193,            0.018805,           0.0056004,           0.0023092,              0.9841,             0.99465,             0.99362,             0.84216,            0.011754,           0.0028218,            0.000647,            0.003664,            0.003664,            0.003664
                 194,            0.018962,            0.005696,           0.0021073,             0.98338,             0.99345,             0.99307,             0.84355,            0.011707,           0.0028134,          0.00064269,            0.003631,            0.003631,            0.003631
                 195,            0.018965,           0.0056953,           0.0024871,             0.98407,              0.9909,             0.99313,             0.84448,            0.011724,            0.002828,          0.00062598,            0.003598,            0.003598,            0.003598
                 196,            0.018926,           0.0057008,            0.002105,             0.98921,             0.99301,             0.99355,             0.84141,            0.011714,           0.0028299,          0.00061154,            0.003565,            0.003565,            0.003565
                 197,            0.018986,           0.0057456,           0.0026963,             0.98279,             0.99304,             0.99309,             0.84189,            0.011786,           0.0028303,          0.00059833,            0.003532,            0.003532,            0.003532
                 198,            0.018855,           0.0055678,           0.0020794,             0.98442,             0.99173,             0.99321,             0.84022,            0.011848,           0.0028108,          0.00061058,            0.003499,            0.003499,            0.003499
                 199,            0.018696,           0.0055857,           0.0024533,             0.98285,             0.99452,             0.99354,             0.84524,            0.011626,           0.0027905,          0.00060051,            0.003466,            0.003466,            0.003466
                 200,            0.018449,           0.0056264,           0.0024672,             0.98044,             0.99345,             0.99303,             0.84265,            0.011652,           0.0028093,          0.00061269,            0.003433,            0.003433,            0.003433
                 201,             0.01873,           0.0056217,           0.0024109,             0.98353,             0.99382,             0.99361,             0.84425,            0.011596,           0.0028005,          0.00061282,              0.0034,              0.0034,              0.0034
                 202,            0.018131,            0.005649,            0.002106,              0.9879,             0.99118,             0.99343,             0.84653,             0.01149,           0.0027945,          0.00059687,            0.003367,            0.003367,            0.003367
                 203,             0.01913,           0.0056136,           0.0021507,             0.98677,              0.9902,             0.99335,             0.84355,            0.011489,           0.0027984,          0.00060434,            0.003334,            0.003334,            0.003334
                 204,            0.018515,           0.0057733,           0.0020341,              0.9836,             0.99324,             0.99339,              0.8456,            0.011373,            0.002785,          0.00058622,            0.003301,            0.003301,            0.003301
                 205,            0.018512,           0.0056487,           0.0021546,             0.98589,             0.99442,             0.99345,              0.8475,             0.01143,           0.0027827,          0.00056482,            0.003268,            0.003268,            0.003268
                 206,            0.018386,           0.0056387,             0.00199,             0.98929,             0.99421,             0.99341,             0.84963,             0.01139,           0.0027613,           0.0005493,            0.003235,            0.003235,            0.003235
                 207,            0.018586,           0.0055931,           0.0023382,             0.98682,             0.99436,             0.99377,             0.84792,            0.011419,           0.0027666,          0.00053985,            0.003202,            0.003202,            0.003202
                 208,            0.018316,           0.0057412,           0.0023198,             0.98656,             0.99417,             0.99368,               0.846,            0.011414,            0.002764,          0.00054428,            0.003169,            0.003169,            0.003169
                 209,             0.01808,           0.0055025,           0.0023942,             0.98843,             0.99401,             0.99369,             0.84743,            0.011356,           0.0027569,           0.0005448,            0.003136,            0.003136,            0.003136
                 210,            0.018448,           0.0055657,           0.0021814,             0.99113,             0.99269,             0.99347,             0.84615,             0.01136,           0.0027631,          0.00053341,            0.003103,            0.003103,            0.003103
                 211,            0.018488,           0.0055561,           0.0022707,             0.98812,             0.99175,             0.99362,             0.84889,             0.01131,            0.002756,          0.00053302,             0.00307,             0.00307,             0.00307
                 212,            0.018257,           0.0053669,           0.0024506,             0.98874,             0.99388,             0.99366,              0.8519,            0.011263,           0.0027488,          0.00053621,            0.003037,            0.003037,            0.003037
                 213,            0.018043,           0.0054605,           0.0025637,             0.98971,             0.99255,             0.99354,             0.84961,             0.01124,           0.0027329,          0.00053668,            0.003004,            0.003004,            0.003004
                 214,            0.018843,           0.0056167,           0.0020796,             0.98914,             0.99308,             0.99343,             0.84983,             0.01125,           0.0027433,          0.00050953,            0.002971,            0.002971,            0.002971
                 215,            0.017983,           0.0054793,           0.0023061,             0.98684,             0.99232,             0.99344,             0.85242,            0.011226,           0.0027413,          0.00051318,            0.002938,            0.002938,            0.002938
                 216,            0.017727,            0.005547,           0.0020948,             0.98764,             0.99375,             0.99336,              0.8512,            0.011234,           0.0027208,          0.00055804,            0.002905,            0.002905,            0.002905
                 217,            0.018062,           0.0055735,            0.002023,              0.9881,             0.99484,             0.99346,             0.85068,            0.011157,           0.0027151,          0.00053144,            0.002872,            0.002872,            0.002872
                 218,            0.018003,           0.0053754,           0.0018128,             0.98833,             0.99529,             0.99329,             0.85318,            0.011171,           0.0027126,          0.00050843,            0.002839,            0.002839,            0.002839
                 219,             0.01796,           0.0054309,            0.001946,              0.9901,             0.99462,              0.9935,             0.85375,            0.011109,           0.0026968,          0.00050761,            0.002806,            0.002806,            0.002806
                 220,            0.017999,           0.0054398,            0.002021,             0.99069,             0.99349,             0.99342,             0.85383,            0.011027,           0.0026834,          0.00049772,            0.002773,            0.002773,            0.002773
                 221,            0.017712,           0.0054757,           0.0019589,             0.99134,             0.99349,             0.99338,             0.85411,            0.010998,           0.0026772,          0.00048866,             0.00274,             0.00274,             0.00274
                 222,            0.017838,           0.0054625,           0.0019712,             0.99134,             0.99386,             0.99338,             0.85298,             0.01103,           0.0026754,          0.00049301,            0.002707,            0.002707,            0.002707
                 223,            0.017627,           0.0053948,           0.0017171,             0.99101,             0.99452,             0.99357,             0.85399,            0.011047,           0.0026791,           0.0004657,            0.002674,            0.002674,            0.002674
                 224,             0.01748,           0.0054505,           0.0019689,             0.98941,              0.9956,             0.99392,             0.85504,            0.011014,            0.002678,          0.00046284,            0.002641,            0.002641,            0.002641
                 225,            0.017673,           0.0054524,           0.0019316,             0.98999,             0.99461,             0.99345,             0.85554,             0.01101,           0.0026757,          0.00046432,            0.002608,            0.002608,            0.002608
                 226,            0.017709,           0.0054242,           0.0018963,             0.99057,             0.99451,             0.99334,             0.85393,            0.010929,           0.0026716,          0.00045219,            0.002575,            0.002575,            0.002575
                 227,            0.017851,           0.0054435,           0.0021043,             0.99113,              0.9948,             0.99379,             0.85518,            0.010899,           0.0026699,          0.00044394,            0.002542,            0.002542,            0.002542
                 228,            0.017867,           0.0054641,           0.0017958,             0.98731,             0.99518,             0.99383,             0.85533,            0.010924,           0.0026797,          0.00046691,            0.002509,            0.002509,            0.002509
                 229,            0.017746,           0.0054328,           0.0019035,             0.98817,              0.9944,             0.99374,             0.85566,            0.010887,           0.0026749,          0.00044064,            0.002476,            0.002476,            0.002476
                 230,            0.017592,           0.0053498,           0.0021985,             0.99154,             0.99487,             0.99376,              0.8562,            0.010833,           0.0026607,          0.00044772,            0.002443,            0.002443,            0.002443
                 231,            0.017402,            0.005393,           0.0017613,             0.99203,             0.99497,              0.9937,             0.85799,            0.010741,           0.0026464,           0.0004418,             0.00241,             0.00241,             0.00241
                 232,            0.017089,           0.0052336,           0.0015903,             0.99061,             0.99493,             0.99418,              0.8595,            0.010709,           0.0026427,          0.00043935,            0.002377,            0.002377,            0.002377
                 233,            0.017458,           0.0054047,           0.0020536,             0.98993,             0.99407,             0.99408,             0.85994,             0.01068,           0.0026374,          0.00042351,            0.002344,            0.002344,            0.002344
                 234,            0.017545,           0.0054181,           0.0020866,             0.99038,             0.99345,             0.99407,             0.85986,            0.010708,           0.0026441,          0.00044293,            0.002311,            0.002311,            0.002311
                 235,            0.017366,           0.0053015,           0.0016475,              0.9898,             0.99353,             0.99411,             0.85849,            0.010731,            0.002644,          0.00044789,            0.002278,            0.002278,            0.002278
                 236,            0.017347,           0.0053273,           0.0016659,             0.99001,             0.99431,             0.99428,             0.86012,            0.010645,           0.0026337,          0.00041612,            0.002245,            0.002245,            0.002245
                 237,            0.017229,           0.0053726,           0.0017362,             0.98996,             0.99445,             0.99378,              0.8629,            0.010629,           0.0026335,          0.00040811,            0.002212,            0.002212,            0.002212
                 238,            0.017348,           0.0053194,           0.0017254,             0.99039,             0.99475,             0.99443,             0.86319,            0.010589,           0.0026236,          0.00040879,            0.002179,            0.002179,            0.002179
                 239,             0.01718,           0.0051697,           0.0019766,             0.98981,             0.99517,             0.99431,             0.86618,            0.010525,           0.0026225,           0.0004032,            0.002146,            0.002146,            0.002146
                 240,            0.017002,           0.0053278,           0.0016654,              0.9899,             0.99556,              0.9938,             0.86604,             0.01053,            0.002621,          0.00038935,            0.002113,            0.002113,            0.002113
                 241,            0.016818,           0.0052296,           0.0018122,             0.99111,             0.99556,             0.99418,             0.86575,            0.010493,            0.002609,          0.00038699,             0.00208,             0.00208,             0.00208
                 242,             0.01703,           0.0052918,           0.0017942,             0.99025,             0.99603,             0.99415,             0.86492,            0.010495,           0.0026017,          0.00038998,            0.002047,            0.002047,            0.002047
                 243,            0.017403,           0.0053464,           0.0016424,             0.99223,             0.99553,             0.99414,             0.86291,            0.010486,           0.0025986,            0.000384,            0.002014,            0.002014,            0.002014
                 244,            0.017198,            0.005184,           0.0016263,              0.9925,             0.99485,             0.99413,             0.86272,            0.010493,           0.0025946,          0.00038041,            0.001981,            0.001981,            0.001981
                 245,            0.016641,           0.0053303,           0.0016087,             0.99288,             0.99524,             0.99426,             0.86317,            0.010498,           0.0025797,          0.00037482,            0.001948,            0.001948,            0.001948
                 246,            0.016618,           0.0051734,           0.0015501,             0.99342,             0.99541,             0.99429,             0.86444,            0.010433,           0.0025662,          0.00038315,            0.001915,            0.001915,            0.001915
                 247,            0.016674,            0.005312,           0.0017233,             0.99325,             0.99484,             0.99427,             0.86479,             0.01043,           0.0025643,          0.00039003,            0.001882,            0.001882,            0.001882
                 248,            0.016551,           0.0051637,            0.001552,             0.99185,             0.99593,             0.99427,             0.86464,            0.010448,           0.0025668,          0.00038507,            0.001849,            0.001849,            0.001849
                 249,            0.016572,           0.0051313,           0.0018044,             0.99298,             0.99588,             0.99436,             0.86443,            0.010446,           0.0025629,          0.00037823,            0.001816,            0.001816,            0.001816
                 250,            0.016712,           0.0050662,           0.0015661,             0.99325,             0.99599,              0.9944,             0.86432,            0.010483,           0.0025645,          0.00036778,            0.001783,            0.001783,            0.001783
                 251,            0.016969,           0.0051786,           0.0013924,             0.99352,             0.99594,             0.99385,             0.86482,            0.010443,            0.002559,          0.00037046,             0.00175,             0.00175,             0.00175
                 252,            0.016498,           0.0051943,           0.0016839,             0.99269,              0.9959,             0.99437,              0.8659,             0.01043,           0.0025562,          0.00036673,            0.001717,            0.001717,            0.001717
                 253,            0.016422,            0.005242,            0.001606,             0.99262,             0.99573,             0.99385,             0.86669,            0.010361,           0.0025564,          0.00035892,            0.001684,            0.001684,            0.001684
                 254,            0.016343,           0.0050123,           0.0017157,             0.99056,             0.99588,             0.99416,             0.86736,            0.010349,            0.002556,          0.00035159,            0.001651,            0.001651,            0.001651
                 255,            0.016769,           0.0052215,           0.0016275,             0.99027,             0.99632,             0.99364,             0.86781,            0.010365,           0.0025554,          0.00034758,            0.001618,            0.001618,            0.001618
                 256,            0.016462,           0.0051276,           0.0016815,             0.99039,             0.99608,             0.99369,             0.86854,             0.01033,             0.00255,          0.00034633,            0.001585,            0.001585,            0.001585
                 257,            0.016491,           0.0052406,           0.0015745,              0.9916,             0.99587,             0.99367,             0.86833,            0.010323,           0.0025452,            0.000346,            0.001552,            0.001552,            0.001552
                 258,            0.016646,           0.0050135,            0.001689,             0.99062,               0.996,             0.99422,             0.86962,            0.010316,           0.0025395,          0.00034893,            0.001519,            0.001519,            0.001519
                 259,            0.016374,           0.0050557,           0.0014078,             0.99182,             0.99629,             0.99424,             0.87006,            0.010304,            0.002535,          0.00034168,            0.001486,            0.001486,            0.001486
                 260,             0.01605,           0.0049986,           0.0015888,              0.9923,             0.99565,             0.99371,             0.86977,            0.010274,           0.0025379,          0.00033263,            0.001453,            0.001453,            0.001453
                 261,            0.016102,           0.0049876,            0.001375,             0.99201,             0.99646,             0.99371,             0.86954,            0.010267,           0.0025327,          0.00032038,             0.00142,             0.00142,             0.00142
                 262,             0.01658,           0.0051341,           0.0015673,             0.99253,             0.99628,             0.99441,             0.87122,             0.01025,           0.0025252,          0.00031825,            0.001387,            0.001387,            0.001387
                 263,            0.016296,           0.0049608,           0.0014116,             0.99186,             0.99574,             0.99446,             0.87013,            0.010226,           0.0025197,          0.00032116,            0.001354,            0.001354,            0.001354
                 264,            0.016289,           0.0050945,           0.0013945,             0.99141,             0.99619,             0.99374,                0.87,            0.010223,           0.0025234,           0.0003167,            0.001321,            0.001321,            0.001321
                 265,             0.01619,           0.0049825,           0.0014211,             0.99136,             0.99627,             0.99425,             0.87067,             0.01022,           0.0025182,          0.00031104,            0.001288,            0.001288,            0.001288
                 266,            0.016167,           0.0049925,           0.0016553,              0.9923,             0.99657,             0.99418,             0.87052,            0.010181,           0.0025093,          0.00030605,            0.001255,            0.001255,            0.001255
                 267,            0.016062,           0.0050915,           0.0014352,             0.99235,             0.99678,             0.99425,              0.8711,            0.010159,           0.0025058,          0.00030387,            0.001222,            0.001222,            0.001222
                 268,            0.016233,           0.0049827,           0.0015235,             0.99169,             0.99691,             0.99383,             0.87181,             0.01014,           0.0025069,          0.00029872,            0.001189,            0.001189,            0.001189
                 269,            0.016021,           0.0050537,           0.0013495,             0.99231,             0.99607,              0.9944,             0.87088,            0.010127,           0.0025036,          0.00029436,            0.001156,            0.001156,            0.001156
                 270,            0.016187,            0.005077,           0.0012761,             0.99328,             0.99626,             0.99434,             0.87105,            0.010119,            0.002497,          0.00028532,            0.001123,            0.001123,            0.001123
                 271,            0.016156,           0.0050766,           0.0014398,             0.99367,             0.99649,             0.99438,             0.87253,            0.010106,           0.0024875,          0.00027838,             0.00109,             0.00109,             0.00109
                 272,            0.015812,           0.0050692,           0.0011729,             0.99357,             0.99562,             0.99444,             0.87237,            0.010088,           0.0024876,          0.00027251,            0.001057,            0.001057,            0.001057
                 273,            0.015882,           0.0049871,           0.0013207,             0.99302,             0.99596,             0.99446,             0.87315,            0.010066,           0.0024853,          0.00026926,            0.001024,            0.001024,            0.001024
                 274,            0.016413,           0.0050457,           0.0014778,             0.99271,             0.99484,             0.99396,             0.87272,            0.010049,           0.0024814,          0.00026618,            0.000991,            0.000991,            0.000991
                 275,            0.015504,           0.0048827,           0.0011813,             0.99195,              0.9962,             0.99396,             0.87296,            0.010061,           0.0024778,          0.00026262,            0.000958,            0.000958,            0.000958
                 276,            0.016103,           0.0050286,           0.0015559,             0.99379,             0.99416,             0.99397,             0.87338,            0.010031,           0.0024757,          0.00025688,            0.000925,            0.000925,            0.000925
                 277,            0.015853,           0.0049119,           0.0013338,             0.99427,             0.99398,             0.99438,             0.87274,            0.010028,           0.0024736,          0.00025737,            0.000892,            0.000892,            0.000892
                 278,            0.015735,           0.0050112,           0.0013424,             0.99499,             0.99402,             0.99445,             0.87233,            0.010007,           0.0024709,          0.00025701,            0.000859,            0.000859,            0.000859
                 279,            0.015417,           0.0049122,           0.0010061,             0.99524,             0.99429,             0.99446,             0.87312,           0.0099862,           0.0024675,          0.00025207,            0.000826,            0.000826,            0.000826
                 280,            0.015603,           0.0049765,           0.0011459,             0.99572,             0.99414,             0.99447,             0.87429,           0.0099753,           0.0024653,          0.00024681,            0.000793,            0.000793,            0.000793
                 281,             0.01549,           0.0049143,           0.0012988,             0.99558,             0.99417,             0.99448,             0.87477,           0.0099701,           0.0024603,          0.00024478,             0.00076,             0.00076,             0.00076
                 282,            0.015228,            0.004875,           0.0012967,             0.99551,             0.99433,             0.99447,             0.87445,           0.0099577,           0.0024579,          0.00024188,            0.000727,            0.000727,            0.000727
                 283,            0.015569,           0.0048785,           0.0011867,             0.99519,             0.99487,             0.99449,             0.87433,           0.0099645,           0.0024565,          0.00023959,            0.000694,            0.000694,            0.000694
                 284,            0.015738,           0.0050255,           0.0010871,             0.99547,             0.99501,             0.99448,             0.87466,            0.009957,            0.002456,          0.00023529,            0.000661,            0.000661,            0.000661
                 285,            0.015211,           0.0050033,          0.00098268,             0.99536,             0.99505,             0.99451,             0.87498,           0.0099472,           0.0024554,           0.0002311,            0.000628,            0.000628,            0.000628
                 286,            0.015466,           0.0048348,           0.0012515,             0.99567,             0.99513,               0.994,             0.87498,           0.0099363,            0.002454,          0.00022761,            0.000595,            0.000595,            0.000595
                 287,            0.015675,           0.0049331,           0.0011229,             0.99503,             0.99476,             0.99456,             0.87589,            0.009911,           0.0024504,          0.00022456,            0.000562,            0.000562,            0.000562
                 288,            0.015357,           0.0050127,           0.0010247,             0.99502,             0.99539,             0.99457,             0.87591,           0.0098872,           0.0024482,          0.00022088,            0.000529,            0.000529,            0.000529
                 289,            0.015233,           0.0048955,           0.0011159,             0.99497,             0.99535,             0.99401,             0.87617,           0.0098867,           0.0024476,          0.00021869,            0.000496,            0.000496,            0.000496
                 290,            0.015069,            0.004905,            0.001119,             0.99414,             0.99564,             0.99401,             0.87599,            0.009892,           0.0024475,          0.00021744,            0.000463,            0.000463,            0.000463
                 291,            0.015206,           0.0048545,           0.0010166,             0.99447,             0.99559,             0.99469,             0.87589,           0.0098901,           0.0024462,          0.00021708,             0.00043,             0.00043,             0.00043
                 292,            0.015089,           0.0048115,           0.0011345,             0.99387,             0.99567,             0.99468,             0.87601,           0.0098883,           0.0024446,          0.00021581,            0.000397,            0.000397,            0.000397
                 293,             0.01538,           0.0049704,           0.0010179,             0.99432,             0.99534,             0.99467,             0.87617,           0.0098819,           0.0024412,          0.00021374,            0.000364,            0.000364,            0.000364
                 294,            0.014739,           0.0047406,           0.0011331,             0.99461,             0.99539,             0.99467,             0.87626,           0.0098634,           0.0024384,          0.00021207,            0.000331,            0.000331,            0.000331
                 295,            0.015312,           0.0049467,           0.0010762,             0.99411,             0.99536,             0.99401,              0.8761,           0.0098622,           0.0024371,          0.00021119,            0.000298,            0.000298,            0.000298
                 296,            0.015283,           0.0048457,           0.0012111,             0.99369,             0.99579,             0.99401,             0.87614,           0.0098521,           0.0024352,          0.00021033,            0.000265,            0.000265,            0.000265
                 297,            0.014926,            0.004935,           0.0012204,             0.99377,             0.99587,             0.99401,             0.87604,            0.009849,           0.0024339,          0.00020925,            0.000232,            0.000232,            0.000232
                 298,            0.015135,           0.0049046,           0.0013174,             0.99378,             0.99585,             0.99401,             0.87636,           0.0098453,           0.0024317,          0.00020763,            0.000199,            0.000199,            0.000199
                 299,            0.014665,           0.0048509,          0.00096492,             0.99385,             0.99575,             0.99401,             0.87634,           0.0098377,           0.0024308,          0.00020658,            0.000166,            0.000166,            0.000166
